factor_1,factor_2,pearson_r,absolute_r
rain_monsoon_total,rain_max_1day,0.8283157822725052,0.8283157822725052
slope_deg,tri,0.7744052654108725,0.7744052654108725
elevation_m,slope_deg,0.5652489230766142,0.5652489230766142
elevation_m,ndvi_median,-0.4967295624705923,0.4967295624705923
rain_monsoon_total,ndvi_median,0.4894052626415906,0.4894052626415906
ndvi_median,ndvi_amplitude,0.4579898913784471,0.4579898913784471
slope_deg,plan_curvature,-0.44977032457289,0.44977032457289
slope_deg,valley_depth,0.4472634319575315,0.4472634319575315
log1p_dist_river_m,valley_depth,-0.4323642322341619,0.4323642322341619
plan_curvature,tri,-0.42679327616093327,0.42679327616093327
elevation_m,tri,0.42099506110453233,0.42099506110453233
tri,twi,-0.4042383465950992,0.4042383465950992
rain_max_1day,ndvi_median,0.4021312138595715,0.4021312138595715
plan_curvature,twi,0.36518824729678023,0.36518824729678023
slope_deg,twi,-0.3624144942657618,0.3624144942657618
rain_monsoon_total,ndvi_amplitude,0.35692605735531974,0.35692605735531974
rain_max_1day,ndvi_amplitude,0.35396185783163425,0.35396185783163425
tri,valley_depth,0.3511548180936446,0.3511548180936446
slope_deg,profile_curvature,0.3074004166303563,0.3074004166303563
profile_curvature,tri,0.29405292395651494,0.29405292395651494
elevation_m,profile_curvature,0.23958496920958433,0.23958496920958433
elevation_m,valley_depth,0.23606106046135372,0.23606106046135372
elevation_m,plan_curvature,-0.2357613406631168,0.2357613406631168
log1p_dist_road_m,log1p_dist_river_m,0.2351167483785334,0.2351167483785334
profile_curvature,twi,-0.22677203962053688,0.22677203962053688
plan_curvature,valley_depth,-0.21996350678995266,0.21996350678995266
slope_deg,ndvi_amplitude,0.20859123082671294,0.20859123082671294
log1p_dist_road_m,valley_depth,-0.20701134832234358,0.20701134832234358
profile_curvature,valley_depth,0.20365410113423543,0.20365410113423543
ndvi_amplitude,log1p_dist_fault_m,0.20326065414012617,0.20326065414012617
elevation_m,twi,-0.19938574937729933,0.19938574937729933
ndvi_amplitude,valley_depth,0.1976381529727116,0.1976381529727116
elevation_m,log1p_dist_river_m,0.1899146567605219,0.1899146567605219
log1p_dist_fault_m,valley_depth,0.1794909066621923,0.1794909066621923
rain_monsoon_total,log1p_dist_fault_m,-0.17344491625101308,0.17344491625101308
elevation_m,log1p_dist_fault_m,0.16478435654917728,0.16478435654917728
ndvi_median,profile_curvature,-0.15706662348235179,0.15706662348235179
slope_deg,ndvi_median,-0.1467928122644542,0.1467928122644542
slope_deg,rain_max_1day,0.14256601612906575,0.14256601612906575
ndvi_amplitude,tri,0.13750673167349745,0.13750673167349745
ndvi_median,tri,-0.12317291162302343,0.12317291162302343
elevation_m,log1p_dist_road_m,0.11898534696575867,0.11898534696575867
elevation_m,ndvi_amplitude,0.11897308044492484,0.11897308044492484
rain_max_1day,log1p_dist_fault_m,-0.11627823420723021,0.11627823420723021
log1p_dist_road_m,log1p_dist_fault_m,0.11573079366158015,0.11573079366158015
twi,valley_depth,0.11026623668446066,0.11026623668446066
slope_deg,log1p_dist_fault_m,0.10797366276578725,0.10797366276578725
rain_max_1day,tri,0.10739074141429523,0.10739074141429523
log1p_dist_river_m,profile_curvature,-0.10689359957805565,0.10689359957805565
profile_curvature,plan_curvature,-0.10582909720430671,0.10582909720430671
log1p_dist_road_m,profile_curvature,-0.1055211387196842,0.1055211387196842
ndvi_median,plan_curvature,0.1038549404706179,0.1038549404706179
ndvi_median,twi,0.10044087031206939,0.10044087031206939
slope_deg,log1p_dist_river_m,-0.09738930832740841,0.09738930832740841
rain_monsoon_total,aspect_cos,-0.09641415346893353,0.09641415346893353
plan_curvature,aspect_cos,0.0960025277499286,0.0960025277499286
log1p_dist_river_m,tri,-0.09595176706893112,0.09595176706893112
log1p_dist_fault_m,twi,0.09354302996890125,0.09354302996890125
ndvi_median,log1p_dist_road_m,-0.09121283510863364,0.09121283510863364
slope_deg,rain_monsoon_total,0.0813252249645796,0.0813252249645796
ndvi_amplitude,aspect_cos,0.08108152064555371,0.08108152064555371
rain_max_1day,plan_curvature,-0.08103644489143172,0.08103644489143172
ndvi_median,log1p_dist_river_m,-0.07576535017695706,0.07576535017695706
ndvi_median,valley_depth,-0.07227018558964485,0.07227018558964485
rain_max_1day,aspect_cos,-0.0684252252275159,0.0684252252275159
log1p_dist_fault_m,plan_curvature,0.06828866220315713,0.06828866220315713
log1p_dist_fault_m,profile_curvature,-0.0669531150295502,0.0669531150295502
log1p_dist_fault_m,tri,0.06675522655835571,0.06675522655835571
rain_monsoon_total,log1p_dist_road_m,-0.06585603217224067,0.06585603217224067
log1p_dist_river_m,twi,-0.06423500556330793,0.06423500556330793
log1p_dist_road_m,aspect_cos,-0.0639995099692661,0.0639995099692661
elevation_m,rain_max_1day,0.06126004158676525,0.06126004158676525
log1p_dist_road_m,tri,-0.06033295302241781,0.06033295302241781
ndvi_median,aspect_cos,-0.059954252597951924,0.059954252597951924
slope_deg,log1p_dist_road_m,-0.059660547742109535,0.059660547742109535
log1p_dist_river_m,plan_curvature,0.05768708364053062,0.05768708364053062
rain_max_1day,valley_depth,0.05108085403028378,0.05108085403028378
rain_monsoon_total,plan_curvature,-0.05101424465665463,0.05101424465665463
rain_monsoon_total,log1p_dist_river_m,0.05084777594323576,0.05084777594323576
rain_monsoon_total,tri,0.050177050756557096,0.050177050756557096
elevation_m,rain_monsoon_total,-0.04703632777702331,0.04703632777702331
ndvi_amplitude,twi,0.043388432823399235,0.043388432823399235
rain_max_1day,log1p_dist_road_m,-0.04307345052361096,0.04307345052361096
rain_max_1day,twi,-0.04247815771019497,0.04247815771019497
rain_monsoon_total,aspect_sin,-0.038813198256615375,0.038813198256615375
profile_curvature,aspect_cos,0.03865845590709643,0.03865845590709643
plan_curvature,aspect_sin,0.03820555850214912,0.03820555850214912
log1p_dist_road_m,plan_curvature,0.03419446702372561,0.03419446702372561
rain_max_1day,profile_curvature,0.0339863172591929,0.0339863172591929
log1p_dist_fault_m,aspect_sin,0.03113345079526844,0.03113345079526844
rain_monsoon_total,twi,-0.03104110482197535,0.03104110482197535
ndvi_median,aspect_sin,-0.028965684464033144,0.028965684464033144
ndvi_amplitude,profile_curvature,-0.02857166431199142,0.02857166431199142
twi,aspect_cos,-0.027035533434356884,0.027035533434356884
rain_max_1day,log1p_dist_river_m,0.02651506033141681,0.02651506033141681
rain_max_1day,aspect_sin,-0.024720688273593694,0.024720688273593694
log1p_dist_road_m,aspect_sin,-0.023385341257053993,0.023385341257053993
log1p_dist_road_m,twi,-0.023072203696757082,0.023072203696757082
ndvi_median,log1p_dist_fault_m,-0.02136108617541788,0.02136108617541788
aspect_sin,aspect_cos,-0.021357621652035204,0.021357621652035204
valley_depth,aspect_sin,0.01968487697816524,0.01968487697816524
log1p_dist_fault_m,aspect_cos,0.01834226267594147,0.01834226267594147
rain_monsoon_total,profile_curvature,-0.01792599581735833,0.01792599581735833
rain_monsoon_total,valley_depth,-0.017925873392718013,0.017925873392718013
twi,aspect_sin,0.017240544067322623,0.017240544067322623
ndvi_amplitude,aspect_sin,-0.016871084471707484,0.016871084471707484
valley_depth,aspect_cos,-0.016270030726035944,0.016270030726035944
profile_curvature,aspect_sin,0.01585546975827919,0.01585546975827919
ndvi_amplitude,log1p_dist_road_m,-0.01328320247597431,0.01328320247597431
slope_deg,aspect_sin,0.012293904907010052,0.012293904907010052
elevation_m,aspect_cos,0.011322433855931412,0.011322433855931412
log1p_dist_river_m,aspect_sin,0.010483377201641539,0.010483377201641539
ndvi_amplitude,log1p_dist_river_m,-0.008300469929241164,0.008300469929241164
log1p_dist_river_m,aspect_cos,0.007481187626043004,0.007481187626043004
slope_deg,aspect_cos,-0.0050149815272239094,0.0050149815272239094
tri,aspect_sin,-0.0037952280239317853,0.0037952280239317853
tri,aspect_cos,-0.0029750634298398248,0.0029750634298398248
elevation_m,aspect_sin,0.0022457499325313135,0.0022457499325313135
log1p_dist_river_m,log1p_dist_fault_m,0.0016528359575149944,0.0016528359575149944
ndvi_amplitude,plan_curvature,0.0012647157593823496,0.0012647157593823496
